<?xml version="1.0" encoding="UTF-8" standalone="no" ?>
<measuringfields>
    <mf id="0">
        <maxfrequency>144</maxfrequency>
        <startx>0</startx>
        <sizex>100</sizex>
        <startz>0</startz>
        <sizez>100</sizez>
    </mf>
    <mf id="1">
        <maxfrequency>192</maxfrequency>
        <startx>0</startx>
        <sizex>100</sizex>
        <startz>0</startz>
        <sizez>75</sizez>
    </mf>
    <mf id="2">
        <maxfrequency>192</maxfrequency>
        <startx>0</startx>
        <sizex>100</sizex>
        <startz>12.5</startz>
        <sizez>75</sizez>
    </mf>
    <mf id="3">
        <maxfrequency>192</maxfrequency>
        <startx>0</startx>
        <sizex>100</sizex>
        <startz>25</startz>
        <sizez>75</sizez>
    </mf>
    <mf id="4">
        <maxfrequency>284</maxfrequency>
        <startx>0</startx>
        <sizex>100</sizex>
        <startz>12.5</startz>
        <sizez>50</sizez>
    </mf>
    <mf id="5">
        <maxfrequency>284</maxfrequency>
        <startx>0</startx>
        <sizex>100</sizex>
        <startz>25</startz>
        <sizez>50</sizez>
    </mf>
    <mf id="6">
        <maxfrequency>284</maxfrequency>
        <startx>0</startx>
        <sizex>100</sizex>
        <startz>37.5</startz>
        <sizez>50</sizez>
    </mf>
    <mf id="7">
        <maxfrequency>552</maxfrequency>
        <startx>0</startx>
        <sizex>100</sizex>
        <startz>37.5</startz>
        <sizez>25</sizez>
    </mf>
    <mf id="8">
        <maxfrequency>181</maxfrequency>
        <startx>0</startx>
        <sizex>75</sizex>
        <startz>0</startz>
        <sizez>100</sizez>
    </mf>
    <mf id="9">
        <maxfrequency>239</maxfrequency>
        <startx>0</startx>
        <sizex>75</sizex>
        <startz>0</startz>
        <sizez>75</sizez>
    </mf>
    <mf id="10">
        <maxfrequency>239</maxfrequency>
        <startx>0</startx>
        <sizex>75</sizex>
        <startz>12.5</startz>
        <sizez>75</sizez>
    </mf>
    <mf id="11">
        <maxfrequency>239</maxfrequency>
        <startx>0</startx>
        <sizex>75</sizex>
        <startz>25</startz>
        <sizez>75</sizez>
    </mf>
    <mf id="12">
        <maxfrequency>354</maxfrequency>
        <startx>0</startx>
        <sizex>75</sizex>
        <startz>12.5</startz>
        <sizez>50</sizez>
    </mf>
    <mf id="13">
        <maxfrequency>354</maxfrequency>
        <startx>0</startx>
        <sizex>75</sizex>
        <startz>25</startz>
        <sizez>50</sizez>
    </mf>
    <mf id="14">
        <maxfrequency>354</maxfrequency>
        <startx>0</startx>
        <sizex>75</sizex>
        <startz>37.5</startz>
        <sizez>50</sizez>
    </mf>
    <mf id="15">
        <maxfrequency>680</maxfrequency>
        <startx>0</startx>
        <sizex>75</sizex>
        <startz>37.5</startz>
        <sizez>25</sizez>
    </mf>
    <mf id="16">
        <maxfrequency>181</maxfrequency>
        <startx>12.5</startx>
        <sizex>75</sizex>
        <startz>0</startz>
        <sizez>100</sizez>
    </mf>
    <mf id="17">
        <maxfrequency>239</maxfrequency>
        <startx>12.5</startx>
        <sizex>75</sizex>
        <startz>0</startz>
        <sizez>75</sizez>
    </mf>
    <mf id="18">
        <maxfrequency>239</maxfrequency>
        <startx>12.5</startx>
        <sizex>75</sizex>
        <startz>12.5</startz>
        <sizez>75</sizez>
    </mf>
    <mf id="19">
        <maxfrequency>239</maxfrequency>
        <startx>12.5</startx>
        <sizex>75</sizex>
        <startz>25</startz>
        <sizez>75</sizez>
    </mf>
    <mf id="20">
        <maxfrequency>354</maxfrequency>
        <startx>12.5</startx>
        <sizex>75</sizex>
        <startz>12.5</startz>
        <sizez>50</sizez>
    </mf>
    <mf id="21">
        <maxfrequency>354</maxfrequency>
        <startx>12.5</startx>
        <sizex>75</sizex>
        <startz>25</startz>
        <sizez>50</sizez>
    </mf>
    <mf id="22">
        <maxfrequency>354</maxfrequency>
        <startx>12.5</startx>
        <sizex>75</sizex>
        <startz>37.5</startz>
        <sizez>50</sizez>
    </mf>
    <mf id="23">
        <maxfrequency>680</maxfrequency>
        <startx>12.5</startx>
        <sizex>75</sizex>
        <startz>37.5</startz>
        <sizez>25</sizez>
    </mf>
    <mf id="24">
        <maxfrequency>181</maxfrequency>
        <startx>25</startx>
        <sizex>75</sizex>
        <startz>0</startz>
        <sizez>100</sizez>
    </mf>
    <mf id="25">
        <maxfrequency>239</maxfrequency>
        <startx>25</startx>
        <sizex>75</sizex>
        <startz>0</startz>
        <sizez>75</sizez>
    </mf>
    <mf id="26">
        <maxfrequency>239</maxfrequency>
        <startx>25</startx>
        <sizex>75</sizex>
        <startz>12.5</startz>
        <sizez>75</sizez>
    </mf>
    <mf id="27">
        <maxfrequency>239</maxfrequency>
        <startx>25</startx>
        <sizex>75</sizex>
        <startz>25</startz>
        <sizez>75</sizez>
    </mf>
    <mf id="28">
        <maxfrequency>354</maxfrequency>
        <startx>25</startx>
        <sizex>75</sizex>
        <startz>12.5</startz>
        <sizez>50</sizez>
    </mf>
    <mf id="29">
        <maxfrequency>354</maxfrequency>
        <startx>25</startx>
        <sizex>75</sizex>
        <startz>25</startz>
        <sizez>50</sizez>
    </mf>
    <mf id="30">
        <maxfrequency>354</maxfrequency>
        <startx>25</startx>
        <sizex>75</sizex>
        <startz>37.5</startz>
        <sizez>50</sizez>
    </mf>
    <mf id="31">
        <maxfrequency>680</maxfrequency>
        <startx>25</startx>
        <sizex>75</sizex>
        <startz>37.5</startz>
        <sizez>25</sizez>
    </mf>
    <mf id="32">
        <maxfrequency>241</maxfrequency>
        <startx>0</startx>
        <sizex>50</sizex>
        <startz>0</startz>
        <sizez>100</sizez>
    </mf>
    <mf id="33">
        <maxfrequency>318</maxfrequency>
        <startx>0</startx>
        <sizex>50</sizex>
        <startz>0</startz>
        <sizez>75</sizez>
    </mf>
    <mf id="34">
        <maxfrequency>318</maxfrequency>
        <startx>0</startx>
        <sizex>50</sizex>
        <startz>12.5</startz>
        <sizez>75</sizez>
    </mf>
    <mf id="35">
        <maxfrequency>318</maxfrequency>
        <startx>0</startx>
        <sizex>50</sizex>
        <startz>25</startz>
        <sizez>75</sizez>
    </mf>
    <mf id="36">
        <maxfrequency>469</maxfrequency>
        <startx>0</startx>
        <sizex>50</sizex>
        <startz>12.5</startz>
        <sizez>50</sizez>
    </mf>
    <mf id="37">
        <maxfrequency>469</maxfrequency>
        <startx>0</startx>
        <sizex>50</sizex>
        <startz>25</startz>
        <sizez>50</sizez>
    </mf>
    <mf id="38">
        <maxfrequency>469</maxfrequency>
        <startx>0</startx>
        <sizex>50</sizex>
        <startz>37.5</startz>
        <sizez>50</sizez>
    </mf>
    <mf id="39">
        <maxfrequency>892</maxfrequency>
        <startx>0</startx>
        <sizex>50</sizex>
        <startz>37.5</startz>
        <sizez>25</sizez>
    </mf>
    <mf id="40">
        <maxfrequency>241</maxfrequency>
        <startx>12.5</startx>
        <sizex>50</sizex>
        <startz>0</startz>
        <sizez>100</sizez>
    </mf>
    <mf id="41">
        <maxfrequency>318</maxfrequency>
        <startx>12.5</startx>
        <sizex>50</sizex>
        <startz>0</startz>
        <sizez>75</sizez>
    </mf>
    <mf id="42">
        <maxfrequency>318</maxfrequency>
        <startx>12.5</startx>
        <sizex>50</sizex>
        <startz>12.5</startz>
        <sizez>75</sizez>
    </mf>
    <mf id="43">
        <maxfrequency>318</maxfrequency>
        <startx>12.5</startx>
        <sizex>50</sizex>
        <startz>25</startz>
        <sizez>75</sizez>
    </mf>
    <mf id="44">
        <maxfrequency>469</maxfrequency>
        <startx>12.5</startx>
        <sizex>50</sizex>
        <startz>12.5</startz>
        <sizez>50</sizez>
    </mf>
    <mf id="45">
        <maxfrequency>469</maxfrequency>
        <startx>12.5</startx>
        <sizex>50</sizex>
        <startz>25</startz>
        <sizez>50</sizez>
    </mf>
    <mf id="46">
        <maxfrequency>469</maxfrequency>
        <startx>12.5</startx>
        <sizex>50</sizex>
        <startz>37.5</startz>
        <sizez>50</sizez>
    </mf>
    <mf id="47">
        <maxfrequency>892</maxfrequency>
        <startx>12.5</startx>
        <sizex>50</sizex>
        <startz>37.5</startz>
        <sizez>25</sizez>
    </mf>
    <mf id="48">
        <maxfrequency>241</maxfrequency>
        <startx>25</startx>
        <sizex>50</sizex>
        <startz>0</startz>
        <sizez>100</sizez>
    </mf>
    <mf id="49">
        <maxfrequency>318</maxfrequency>
        <startx>25</startx>
        <sizex>50</sizex>
        <startz>0</startz>
        <sizez>75</sizez>
    </mf>
    <mf id="50">
        <maxfrequency>318</maxfrequency>
        <startx>25</startx>
        <sizex>50</sizex>
        <startz>12.5</startz>
        <sizez>75</sizez>
    </mf>
    <mf id="51">
        <maxfrequency>318</maxfrequency>
        <startx>25</startx>
        <sizex>50</sizex>
        <startz>25</startz>
        <sizez>75</sizez>
    </mf>
    <mf id="52">
        <maxfrequency>469</maxfrequency>
        <startx>25</startx>
        <sizex>50</sizex>
        <startz>12.5</startz>
        <sizez>50</sizez>
    </mf>
    <mf id="53">
        <maxfrequency>469</maxfrequency>
        <startx>25</startx>
        <sizex>50</sizex>
        <startz>25</startz>
        <sizez>50</sizez>
    </mf>
    <mf id="54">
        <maxfrequency>469</maxfrequency>
        <startx>25</startx>
        <sizex>50</sizex>
        <startz>37.5</startz>
        <sizez>50</sizez>
    </mf>
    <mf id="55">
        <maxfrequency>892</maxfrequency>
        <startx>25</startx>
        <sizex>50</sizex>
        <startz>37.5</startz>
        <sizez>25</sizez>
    </mf>
    <mf id="56">
        <maxfrequency>241</maxfrequency>
        <startx>37.5</startx>
        <sizex>50</sizex>
        <startz>0</startz>
        <sizez>100</sizez>
    </mf>
    <mf id="57">
        <maxfrequency>318</maxfrequency>
        <startx>37.5</startx>
        <sizex>50</sizex>
        <startz>0</startz>
        <sizez>75</sizez>
    </mf>
    <mf id="58">
        <maxfrequency>318</maxfrequency>
        <startx>37.5</startx>
        <sizex>50</sizex>
        <startz>12.5</startz>
        <sizez>75</sizez>
    </mf>
    <mf id="59">
        <maxfrequency>318</maxfrequency>
        <startx>37.5</startx>
        <sizex>50</sizex>
        <startz>25</startz>
        <sizez>75</sizez>
    </mf>
    <mf id="60">
        <maxfrequency>469</maxfrequency>
        <startx>37.5</startx>
        <sizex>50</sizex>
        <startz>12.5</startz>
        <sizez>50</sizez>
    </mf>
    <mf id="61">
        <maxfrequency>469</maxfrequency>
        <startx>37.5</startx>
        <sizex>50</sizex>
        <startz>25</startz>
        <sizez>50</sizez>
    </mf>
    <mf id="62">
        <maxfrequency>469</maxfrequency>
        <startx>37.5</startx>
        <sizex>50</sizex>
        <startz>37.5</startz>
        <sizez>50</sizez>
    </mf>
    <mf id="63">
        <maxfrequency>892</maxfrequency>
        <startx>37.5</startx>
        <sizex>50</sizex>
        <startz>37.5</startz>
        <sizez>25</sizez>
    </mf>
    <mf id="64">
        <maxfrequency>362</maxfrequency>
        <startx>0</startx>
        <sizex>25</sizex>
        <startz>0</startz>
        <sizez>100</sizez>
    </mf>
    <mf id="65">
        <maxfrequency>476</maxfrequency>
        <startx>0</startx>
        <sizex>25</sizex>
        <startz>0</startz>
        <sizez>75</sizez>
    </mf>
    <mf id="66">
        <maxfrequency>476</maxfrequency>
        <startx>0</startx>
        <sizex>25</sizex>
        <startz>12.5</startz>
        <sizez>75</sizez>
    </mf>
    <mf id="67">
        <maxfrequency>476</maxfrequency>
        <startx>0</startx>
        <sizex>25</sizex>
        <startz>25</startz>
        <sizez>75</sizez>
    </mf>
    <mf id="68">
        <maxfrequency>694</maxfrequency>
        <startx>0</startx>
        <sizex>25</sizex>
        <startz>12.5</startz>
        <sizez>50</sizez>
    </mf>
    <mf id="69">
        <maxfrequency>694</maxfrequency>
        <startx>0</startx>
        <sizex>25</sizex>
        <startz>25</startz>
        <sizez>50</sizez>
    </mf>
    <mf id="70">
        <maxfrequency>694</maxfrequency>
        <startx>0</startx>
        <sizex>25</sizex>
        <startz>37.5</startz>
        <sizez>50</sizez>
    </mf>
    <mf id="71">
        <maxfrequency>1282</maxfrequency>
        <startx>0</startx>
        <sizex>25</sizex>
        <startz>37.5</startz>
        <sizez>25</sizez>
    </mf>
    <mf id="72">
        <maxfrequency>362</maxfrequency>
        <startx>12.5</startx>
        <sizex>25</sizex>
        <startz>0</startz>
        <sizez>100</sizez>
    </mf>
    <mf id="73">
        <maxfrequency>476</maxfrequency>
        <startx>12.5</startx>
        <sizex>25</sizex>
        <startz>0</startz>
        <sizez>75</sizez>
    </mf>
    <mf id="74">
        <maxfrequency>476</maxfrequency>
        <startx>12.5</startx>
        <sizex>25</sizex>
        <startz>12.5</startz>
        <sizez>75</sizez>
    </mf>
    <mf id="75">
        <maxfrequency>476</maxfrequency>
        <startx>12.5</startx>
        <sizex>25</sizex>
        <startz>25</startz>
        <sizez>75</sizez>
    </mf>
    <mf id="76">
        <maxfrequency>694</maxfrequency>
        <startx>12.5</startx>
        <sizex>25</sizex>
        <startz>12.5</startz>
        <sizez>50</sizez>
    </mf>
    <mf id="77">
        <maxfrequency>694</maxfrequency>
        <startx>12.5</startx>
        <sizex>25</sizex>
        <startz>25</startz>
        <sizez>50</sizez>
    </mf>
    <mf id="78">
        <maxfrequency>694</maxfrequency>
        <startx>12.5</startx>
        <sizex>25</sizex>
        <startz>37.5</startz>
        <sizez>50</sizez>
    </mf>
    <mf id="79">
        <maxfrequency>1282</maxfrequency>
        <startx>12.5</startx>
        <sizex>25</sizex>
        <startz>37.5</startz>
        <sizez>25</sizez>
    </mf>
    <mf id="80">
        <maxfrequency>362</maxfrequency>
        <startx>25</startx>
        <sizex>25</sizex>
        <startz>0</startz>
        <sizez>100</sizez>
    </mf>
    <mf id="81">
        <maxfrequency>476</maxfrequency>
        <startx>25</startx>
        <sizex>25</sizex>
        <startz>0</startz>
        <sizez>75</sizez>
    </mf>
    <mf id="82">
        <maxfrequency>476</maxfrequency>
        <startx>25</startx>
        <sizex>25</sizex>
        <startz>12.5</startz>
        <sizez>75</sizez>
    </mf>
    <mf id="83">
        <maxfrequency>476</maxfrequency>
        <startx>25</startx>
        <sizex>25</sizex>
        <startz>25</startz>
        <sizez>75</sizez>
    </mf>
    <mf id="84">
        <maxfrequency>694</maxfrequency>
        <startx>25</startx>
        <sizex>25</sizex>
        <startz>12.5</startz>
        <sizez>50</sizez>
    </mf>
    <mf id="85">
        <maxfrequency>694</maxfrequency>
        <startx>25</startx>
        <sizex>25</sizex>
        <startz>25</startz>
        <sizez>50</sizez>
    </mf>
    <mf id="86">
        <maxfrequency>694</maxfrequency>
        <startx>25</startx>
        <sizex>25</sizex>
        <startz>37.5</startz>
        <sizez>50</sizez>
    </mf>
    <mf id="87">
        <maxfrequency>1282</maxfrequency>
        <startx>25</startx>
        <sizex>25</sizex>
        <startz>37.5</startz>
        <sizez>25</sizez>
    </mf>
    <mf id="88">
        <maxfrequency>362</maxfrequency>
        <startx>37.5</startx>
        <sizex>25</sizex>
        <startz>0</startz>
        <sizez>100</sizez>
    </mf>
    <mf id="89">
        <maxfrequency>476</maxfrequency>
        <startx>37.5</startx>
        <sizex>25</sizex>
        <startz>0</startz>
        <sizez>75</sizez>
    </mf>
    <mf id="90">
        <maxfrequency>476</maxfrequency>
        <startx>37.5</startx>
        <sizex>25</sizex>
        <startz>12.5</startz>
        <sizez>75</sizez>
    </mf>
    <mf id="91">
        <maxfrequency>476</maxfrequency>
        <startx>37.5</startx>
        <sizex>25</sizex>
        <startz>25</startz>
        <sizez>75</sizez>
    </mf>
    <mf id="92">
        <maxfrequency>694</maxfrequency>
        <startx>37.5</startx>
        <sizex>25</sizex>
        <startz>12.5</startz>
        <sizez>50</sizez>
    </mf>
    <mf id="93">
        <maxfrequency>694</maxfrequency>
        <startx>37.5</startx>
        <sizex>25</sizex>
        <startz>25</startz>
        <sizez>50</sizez>
    </mf>
    <mf id="94">
        <maxfrequency>694</maxfrequency>
        <startx>37.5</startx>
        <sizex>25</sizex>
        <startz>37.5</startz>
        <sizez>50</sizez>
    </mf>
    <mf id="95">
        <maxfrequency>1282</maxfrequency>
        <startx>37.5</startx>
        <sizex>25</sizex>
        <startz>37.5</startz>
        <sizez>25</sizez>
    </mf>
    <mf id="96">
        <maxfrequency>552</maxfrequency>
        <startx>0</startx>
        <sizex>100</sizex>
        <startz>75</startz>
        <sizez>25</sizez>
    </mf>
    <mf id="97">
        <maxfrequency>552</maxfrequency>
        <startx>0</startx>
        <sizex>100</sizex>
        <startz>50</startz>
        <sizez>25</sizez>
    </mf>
    <mf id="98">
        <maxfrequency>1030</maxfrequency>
        <startx>0</startx>
        <sizex>100</sizex>
        <startz>87.5</startz>
        <sizez>12.5</sizez>
    </mf>
    <mf id="99">
        <maxfrequency>1030</maxfrequency>
        <startx>0</startx>
        <sizex>100</sizex>
        <startz>75</startz>
        <sizez>12.5</sizez>
    </mf>
    <mf id="100">
        <maxfrequency>1030</maxfrequency>
        <startx>0</startx>
        <sizex>100</sizex>
        <startz>62.5</startz>
        <sizez>12.5</sizez>
    </mf>
    <mf id="101">
        <maxfrequency>1030</maxfrequency>
        <startx>0</startx>
        <sizex>100</sizex>
        <startz>50</startz>
        <sizez>12.5</sizez>
    </mf>
    <mf id="102">
        <maxfrequency>1030</maxfrequency>
        <startx>0</startx>
        <sizex>100</sizex>
        <startz>37.5</startz>
        <sizez>12.5</sizez>
    </mf>
    <mf id="103">
        <maxfrequency>1030</maxfrequency>
        <startx>0</startx>
        <sizex>100</sizex>
        <startz>25</startz>
        <sizez>12.5</sizez>
    </mf>
    <mf id="104">
        <maxfrequency>680</maxfrequency>
        <startx>12.5</startx>
        <sizex>75</sizex>
        <startz>75</startz>
        <sizez>25</sizez>
    </mf>
    <mf id="105">
        <maxfrequency>680</maxfrequency>
        <startx>12.5</startx>
        <sizex>75</sizex>
        <startz>50</startz>
        <sizez>25</sizez>
    </mf>
    <mf id="106">
        <maxfrequency>1265</maxfrequency>
        <startx>12.5</startx>
        <sizex>75</sizex>
        <startz>87.5</startz>
        <sizez>12.5</sizez>
    </mf>
    <mf id="107">
        <maxfrequency>1265</maxfrequency>
        <startx>12.5</startx>
        <sizex>75</sizex>
        <startz>75</startz>
        <sizez>12.5</sizez>
    </mf>
    <mf id="108">
        <maxfrequency>1265</maxfrequency>
        <startx>12.5</startx>
        <sizex>75</sizex>
        <startz>62.5</startz>
        <sizez>12.5</sizez>
    </mf>
    <mf id="109">
        <maxfrequency>1265</maxfrequency>
        <startx>12.5</startx>
        <sizex>75</sizex>
        <startz>50</startz>
        <sizez>12.5</sizez>
    </mf>
    <mf id="110">
        <maxfrequency>1265</maxfrequency>
        <startx>12.5</startx>
        <sizex>75</sizex>
        <startz>37.5</startz>
        <sizez>12.5</sizez>
    </mf>
    <mf id="111">
        <maxfrequency>1265</maxfrequency>
        <startx>12.5</startx>
        <sizex>75</sizex>
        <startz>25</startz>
        <sizez>12.5</sizez>
    </mf>
    <mf id="112">
        <maxfrequency>892</maxfrequency>
        <startx>25</startx>
        <sizex>50</sizex>
        <startz>75</startz>
        <sizez>25</sizez>
    </mf>
    <mf id="113">
        <maxfrequency>892</maxfrequency>
        <startx>25</startx>
        <sizex>50</sizex>
        <startz>50</startz>
        <sizez>25</sizez>
    </mf>
    <mf id="114">
        <maxfrequency>1612</maxfrequency>
        <startx>25</startx>
        <sizex>50</sizex>
        <startz>87.5</startz>
        <sizez>12.5</sizez>
    </mf>
    <mf id="115">
        <maxfrequency>1612</maxfrequency>
        <startx>25</startx>
        <sizex>50</sizex>
        <startz>75</startz>
        <sizez>12.5</sizez>
    </mf>
    <mf id="116">
        <maxfrequency>1612</maxfrequency>
        <startx>25</startx>
        <sizex>50</sizex>
        <startz>62.5</startz>
        <sizez>12.5</sizez>
    </mf>
    <mf id="117">
        <maxfrequency>1612</maxfrequency>
        <startx>25</startx>
        <sizex>50</sizex>
        <startz>50</startz>
        <sizez>12.5</sizez>
    </mf>
    <mf id="118">
        <maxfrequency>1612</maxfrequency>
        <startx>25</startx>
        <sizex>50</sizex>
        <startz>37.5</startz>
        <sizez>12.5</sizez>
    </mf>
    <mf id="119">
        <maxfrequency>1612</maxfrequency>
        <startx>25</startx>
        <sizex>50</sizex>
        <startz>25</startz>
        <sizez>12.5</sizez>
    </mf>
    <mf id="120">
        <maxfrequency>1282</maxfrequency>
        <startx>37.5</startx>
        <sizex>25</sizex>
        <startz>75</startz>
        <sizez>25</sizez>
    </mf>
    <mf id="121">
        <maxfrequency>1282</maxfrequency>
        <startx>37.5</startx>
        <sizex>25</sizex>
        <startz>50</startz>
        <sizez>25</sizez>
    </mf>
    <mf id="122">
        <maxfrequency>2000</maxfrequency>
        <startx>37.5</startx>
        <sizex>25</sizex>
        <startz>87.5</startz>
        <sizez>12.5</sizez>
    </mf>
    <mf id="123">
        <maxfrequency>2000</maxfrequency>
        <startx>37.5</startx>
        <sizex>25</sizex>
        <startz>75</startz>
        <sizez>12.5</sizez>
    </mf>
    <mf id="124">
        <maxfrequency>2000</maxfrequency>
        <startx>37.5</startx>
        <sizex>25</sizex>
        <startz>62.5</startz>
        <sizez>12.5</sizez>
    </mf>
    <mf id="125">
        <maxfrequency>2000</maxfrequency>
        <startx>37.5</startx>
        <sizex>25</sizex>
        <startz>50</startz>
        <sizez>12.5</sizez>
    </mf>
    <mf id="126">
        <maxfrequency>2000</maxfrequency>
        <startx>37.5</startx>
        <sizex>25</sizex>
        <startz>37.5</startz>
        <sizez>12.5</sizez>
    </mf>
    <mf id="127">
        <maxfrequency>2000</maxfrequency>
        <startx>37.5</startx>
        <sizex>25</sizex>
        <startz>25</startz>
        <sizez>12.5</sizez>
    </mf>
</measuringfields>